task_id,domain,difficulty,model,agent,provider,provider_model,parse_status,json_repair_strategy,json_repair_attempts,llm_error,parsed,fallback,attempts,latency_s,prompt_chars,raw_output_chars,prompt_tokens,completion_tokens,total_tokens
calendar_063,calendar,L3,mock,oracle_spec,mock,mock,missing,,0,,False,False,,,,,,,
calendar_051,calendar,L2,mock,oracle_spec,mock,mock,missing,,0,,False,False,,,,,,,
calendar_049,calendar,L2,mock,oracle_spec,mock,mock,missing,,0,,False,False,,,,,,,
calendar_030,calendar,L2,mock,oracle_spec,mock,mock,missing,,0,,False,False,,,,,,,
calendar_054,calendar,L2,mock,oracle_spec,mock,mock,missing,,0,,False,False,,,,,,,
calendar_065,calendar,L3,mock,oracle_spec,mock,mock,missing,,0,,False,False,,,,,,,
calendar_022,calendar,L2,mock,oracle_spec,mock,mock,missing,,0,,False,False,,,,,,,
calendar_039,calendar,L2,mock,oracle_spec,mock,mock,missing,,0,,False,False,,,,,,,
calendar_064,calendar,L3,mock,oracle_spec,mock,mock,missing,,0,,False,False,,,,,,,
calendar_043,calendar,L2,mock,oracle_spec,mock,mock,missing,,0,,False,False,,,,,,,
calendar_045,calendar,L2,mock,oracle_spec,mock,mock,missing,,0,,False,False,,,,,,,
calendar_034,calendar,L2,mock,oracle_spec,mock,mock,missing,,0,,False,False,,,,,,,
calendar_047,calendar,L2,mock,oracle_spec,mock,mock,missing,,0,,False,False,,,,,,,
calendar_059,calendar,L3,mock,oracle_spec,mock,mock,missing,,0,,False,False,,,,,,,
calendar_038,calendar,L2,mock,oracle_spec,mock,mock,missing,,0,,False,False,,,,,,,
calendar_056,calendar,L3,mock,oracle_spec,mock,mock,missing,,0,,False,False,,,,,,,
calendar_036,calendar,L2,mock,oracle_spec,mock,mock,missing,,0,,False,False,,,,,,,
calendar_040,calendar,L2,mock,oracle_spec,mock,mock,missing,,0,,False,False,,,,,,,
calendar_025,calendar,L2,mock,oracle_spec,mock,mock,missing,,0,,False,False,,,,,,,
calendar_050,calendar,L2,mock,oracle_spec,mock,mock,missing,,0,,False,False,,,,,,,
calendar_033,calendar,L2,mock,oracle_spec,mock,mock,missing,,0,,False,False,,,,,,,
calendar_055,calendar,L3,mock,oracle_spec,mock,mock,missing,,0,,False,False,,,,,,,
calendar_027,calendar,L2,mock,oracle_spec,mock,mock,missing,,0,,False,False,,,,,,,
calendar_041,calendar,L2,mock,oracle_spec,mock,mock,missing,,0,,False,False,,,,,,,
calendar_048,calendar,L2,mock,oracle_spec,mock,mock,missing,,0,,False,False,,,,,,,
calendar_023,calendar,L2,mock,oracle_spec,mock,mock,missing,,0,,False,False,,,,,,,
calendar_021,calendar,L2,mock,oracle_spec,mock,mock,missing,,0,,False,False,,,,,,,
calendar_061,calendar,L3,mock,oracle_spec,mock,mock,missing,,0,,False,False,,,,,,,
calendar_044,calendar,L2,mock,oracle_spec,mock,mock,missing,,0,,False,False,,,,,,,
calendar_035,calendar,L2,mock,oracle_spec,mock,mock,missing,,0,,False,False,,,,,,,
calendar_024,calendar,L2,mock,oracle_spec,mock,mock,missing,,0,,False,False,,,,,,,
calendar_042,calendar,L2,mock,oracle_spec,mock,mock,missing,,0,,False,False,,,,,,,
calendar_058,calendar,L3,mock,oracle_spec,mock,mock,missing,,0,,False,False,,,,,,,
calendar_029,calendar,L2,mock,oracle_spec,mock,mock,missing,,0,,False,False,,,,,,,
calendar_046,calendar,L2,mock,oracle_spec,mock,mock,missing,,0,,False,False,,,,,,,
calendar_028,calendar,L2,mock,oracle_spec,mock,mock,missing,,0,,False,False,,,,,,,
calendar_032,calendar,L2,mock,oracle_spec,mock,mock,missing,,0,,False,False,,,,,,,
calendar_062,calendar,L3,mock,oracle_spec,mock,mock,missing,,0,,False,False,,,,,,,
calendar_031,calendar,L2,mock,oracle_spec,mock,mock,missing,,0,,False,False,,,,,,,
calendar_037,calendar,L2,mock,oracle_spec,mock,mock,missing,,0,,False,False,,,,,,,
calendar_053,calendar,L2,mock,oracle_spec,mock,mock,missing,,0,,False,False,,,,,,,
calendar_060,calendar,L3,mock,oracle_spec,mock,mock,missing,,0,,False,False,,,,,,,
calendar_026,calendar,L2,mock,oracle_spec,mock,mock,missing,,0,,False,False,,,,,,,
calendar_057,calendar,L3,mock,oracle_spec,mock,mock,missing,,0,,False,False,,,,,,,
calendar_052,calendar,L2,mock,oracle_spec,mock,mock,missing,,0,,False,False,,,,,,,
calendar_066,calendar,L3,mock,oracle_spec,mock,mock,missing,,0,,False,False,,,,,,,
calendar_067,calendar,L3,mock,oracle_spec,mock,mock,missing,,0,,False,False,,,,,,,
calendar_068,calendar,L3,mock,oracle_spec,mock,mock,missing,,0,,False,False,,,,,,,
calendar_069,calendar,L3,mock,oracle_spec,mock,mock,missing,,0,,False,False,,,,,,,
calendar_070,calendar,L3,mock,oracle_spec,mock,mock,missing,,0,,False,False,,,,,,,
calendar_071,calendar,L3,mock,oracle_spec,mock,mock,missing,,0,,False,False,,,,,,,
calendar_072,calendar,L3,mock,oracle_spec,mock,mock,missing,,0,,False,False,,,,,,,
calendar_073,calendar,L3,mock,oracle_spec,mock,mock,missing,,0,,False,False,,,,,,,
calendar_074,calendar,L3,mock,oracle_spec,mock,mock,missing,,0,,False,False,,,,,,,
calendar_075,calendar,L3,mock,oracle_spec,mock,mock,missing,,0,,False,False,,,,,,,
calendar_077,calendar,L3,mock,oracle_spec,mock,mock,missing,,0,,False,False,,,,,,,
calendar_078,calendar,L3,mock,oracle_spec,mock,mock,missing,,0,,False,False,,,,,,,
calendar_079,calendar,L3,mock,oracle_spec,mock,mock,missing,,0,,False,False,,,,,,,
calendar_076,calendar,L3,mock,oracle_spec,mock,mock,missing,,0,,False,False,,,,,,,
calendar_081,calendar,L3,mock,oracle_spec,mock,mock,missing,,0,,False,False,,,,,,,
calendar_082,calendar,L3,mock,oracle_spec,mock,mock,missing,,0,,False,False,,,,,,,
calendar_083,calendar,L3,mock,oracle_spec,mock,mock,missing,,0,,False,False,,,,,,,
calendar_084,calendar,L3,mock,oracle_spec,mock,mock,missing,,0,,False,False,,,,,,,
calendar_085,calendar,L3,mock,oracle_spec,mock,mock,missing,,0,,False,False,,,,,,,
calendar_086,calendar,L3,mock,oracle_spec,mock,mock,missing,,0,,False,False,,,,,,,
calendar_087,calendar,L3,mock,oracle_spec,mock,mock,missing,,0,,False,False,,,,,,,
calendar_088,calendar,L3,mock,oracle_spec,mock,mock,missing,,0,,False,False,,,,,,,
calendar_089,calendar,L3,mock,oracle_spec,mock,mock,missing,,0,,False,False,,,,,,,
calendar_090,calendar,L3,mock,oracle_spec,mock,mock,missing,,0,,False,False,,,,,,,
calendar_092,calendar,L3,mock,oracle_spec,mock,mock,missing,,0,,False,False,,,,,,,
calendar_093,calendar,L3,mock,oracle_spec,mock,mock,missing,,0,,False,False,,,,,,,
calendar_094,calendar,L3,mock,oracle_spec,mock,mock,missing,,0,,False,False,,,,,,,
calendar_095,calendar,L3,mock,oracle_spec,mock,mock,missing,,0,,False,False,,,,,,,
calendar_096,calendar,L3,mock,oracle_spec,mock,mock,missing,,0,,False,False,,,,,,,
calendar_097,calendar,L4,mock,oracle_spec,mock,mock,missing,,0,,False,False,,,,,,,
calendar_098,calendar,L4,mock,oracle_spec,mock,mock,missing,,0,,False,False,,,,,,,
calendar_099,calendar,L4,mock,oracle_spec,mock,mock,missing,,0,,False,False,,,,,,,
calendar_100,calendar,L4,mock,oracle_spec,mock,mock,missing,,0,,False,False,,,,,,,
calendar_101,calendar,L4,mock,oracle_spec,mock,mock,missing,,0,,False,False,,,,,,,
calendar_102,calendar,L4,mock,oracle_spec,mock,mock,missing,,0,,False,False,,,,,,,
calendar_103,calendar,L4,mock,oracle_spec,mock,mock,missing,,0,,False,False,,,,,,,
calendar_104,calendar,L4,mock,oracle_spec,mock,mock,missing,,0,,False,False,,,,,,,
calendar_105,calendar,L4,mock,oracle_spec,mock,mock,missing,,0,,False,False,,,,,,,
calendar_106,calendar,L4,mock,oracle_spec,mock,mock,missing,,0,,False,False,,,,,,,
calendar_107,calendar,L4,mock,oracle_spec,mock,mock,missing,,0,,False,False,,,,,,,
calendar_108,calendar,L4,mock,oracle_spec,mock,mock,missing,,0,,False,False,,,,,,,
calendar_109,calendar,L4,mock,oracle_spec,mock,mock,missing,,0,,False,False,,,,,,,
calendar_110,calendar,L4,mock,oracle_spec,mock,mock,missing,,0,,False,False,,,,,,,
calendar_111,calendar,L4,mock,oracle_spec,mock,mock,missing,,0,,False,False,,,,,,,
calendar_112,calendar,L4,mock,oracle_spec,mock,mock,missing,,0,,False,False,,,,,,,
calendar_091,calendar,L3,mock,oracle_spec,mock,mock,missing,,0,,False,False,,,,,,,
calendar_114,calendar,L4,mock,oracle_spec,mock,mock,missing,,0,,False,False,,,,,,,
calendar_115,calendar,L4,mock,oracle_spec,mock,mock,missing,,0,,False,False,,,,,,,
calendar_116,calendar,L4,mock,oracle_spec,mock,mock,missing,,0,,False,False,,,,,,,
calendar_117,calendar,L4,mock,oracle_spec,mock,mock,missing,,0,,False,False,,,,,,,
calendar_118,calendar,L4,mock,oracle_spec,mock,mock,missing,,0,,False,False,,,,,,,
calendar_119,calendar,L4,mock,oracle_spec,mock,mock,missing,,0,,False,False,,,,,,,
calendar_120,calendar,L4,mock,oracle_spec,mock,mock,missing,,0,,False,False,,,,,,,
crm_workflow_022,crm_workflow,L2,mock,oracle_spec,mock,mock,missing,,0,,False,False,,,,,,,
crm_workflow_023,crm_workflow,L2,mock,oracle_spec,mock,mock,missing,,0,,False,False,,,,,,,
crm_workflow_024,crm_workflow,L2,mock,oracle_spec,mock,mock,missing,,0,,False,False,,,,,,,
crm_workflow_025,crm_workflow,L2,mock,oracle_spec,mock,mock,missing,,0,,False,False,,,,,,,
crm_workflow_026,crm_workflow,L2,mock,oracle_spec,mock,mock,missing,,0,,False,False,,,,,,,
crm_workflow_027,crm_workflow,L2,mock,oracle_spec,mock,mock,missing,,0,,False,False,,,,,,,
crm_workflow_028,crm_workflow,L2,mock,oracle_spec,mock,mock,missing,,0,,False,False,,,,,,,
crm_workflow_029,crm_workflow,L2,mock,oracle_spec,mock,mock,missing,,0,,False,False,,,,,,,
crm_workflow_030,crm_workflow,L2,mock,oracle_spec,mock,mock,missing,,0,,False,False,,,,,,,
crm_workflow_031,crm_workflow,L2,mock,oracle_spec,mock,mock,missing,,0,,False,False,,,,,,,
crm_workflow_032,crm_workflow,L2,mock,oracle_spec,mock,mock,missing,,0,,False,False,,,,,,,
crm_workflow_033,crm_workflow,L2,mock,oracle_spec,mock,mock,missing,,0,,False,False,,,,,,,
crm_workflow_034,crm_workflow,L2,mock,oracle_spec,mock,mock,missing,,0,,False,False,,,,,,,
crm_workflow_035,crm_workflow,L2,mock,oracle_spec,mock,mock,missing,,0,,False,False,,,,,,,
crm_workflow_036,crm_workflow,L2,mock,oracle_spec,mock,mock,missing,,0,,False,False,,,,,,,
calendar_113,calendar,L4,mock,oracle_spec,mock,mock,missing,,0,,False,False,,,,,,,
crm_workflow_038,crm_workflow,L2,mock,oracle_spec,mock,mock,missing,,0,,False,False,,,,,,,
crm_workflow_039,crm_workflow,L2,mock,oracle_spec,mock,mock,missing,,0,,False,False,,,,,,,
crm_workflow_040,crm_workflow,L2,mock,oracle_spec,mock,mock,missing,,0,,False,False,,,,,,,
crm_workflow_041,crm_workflow,L2,mock,oracle_spec,mock,mock,missing,,0,,False,False,,,,,,,
crm_workflow_042,crm_workflow,L2,mock,oracle_spec,mock,mock,missing,,0,,False,False,,,,,,,
crm_workflow_043,crm_workflow,L2,mock,oracle_spec,mock,mock,missing,,0,,False,False,,,,,,,
crm_workflow_044,crm_workflow,L2,mock,oracle_spec,mock,mock,missing,,0,,False,False,,,,,,,
calendar_080,calendar,L3,mock,oracle_spec,mock,mock,missing,,0,,False,False,,,,,,,
crm_workflow_046,crm_workflow,L2,mock,oracle_spec,mock,mock,missing,,0,,False,False,,,,,,,
crm_workflow_047,crm_workflow,L2,mock,oracle_spec,mock,mock,missing,,0,,False,False,,,,,,,
crm_workflow_048,crm_workflow,L2,mock,oracle_spec,mock,mock,missing,,0,,False,False,,,,,,,
crm_workflow_049,crm_workflow,L2,mock,oracle_spec,mock,mock,missing,,0,,False,False,,,,,,,
crm_workflow_050,crm_workflow,L2,mock,oracle_spec,mock,mock,missing,,0,,False,False,,,,,,,
crm_workflow_051,crm_workflow,L2,mock,oracle_spec,mock,mock,missing,,0,,False,False,,,,,,,
crm_workflow_052,crm_workflow,L2,mock,oracle_spec,mock,mock,missing,,0,,False,False,,,,,,,
crm_workflow_053,crm_workflow,L2,mock,oracle_spec,mock,mock,missing,,0,,False,False,,,,,,,
crm_workflow_054,crm_workflow,L2,mock,oracle_spec,mock,mock,missing,,0,,False,False,,,,,,,
crm_workflow_055,crm_workflow,L3,mock,oracle_spec,mock,mock,missing,,0,,False,False,,,,,,,
crm_workflow_037,crm_workflow,L2,mock,oracle_spec,mock,mock,missing,,0,,False,False,,,,,,,
crm_workflow_057,crm_workflow,L3,mock,oracle_spec,mock,mock,missing,,0,,False,False,,,,,,,
crm_workflow_058,crm_workflow,L3,mock,oracle_spec,mock,mock,missing,,0,,False,False,,,,,,,
crm_workflow_059,crm_workflow,L3,mock,oracle_spec,mock,mock,missing,,0,,False,False,,,,,,,
crm_workflow_060,crm_workflow,L3,mock,oracle_spec,mock,mock,missing,,0,,False,False,,,,,,,
crm_workflow_061,crm_workflow,L3,mock,oracle_spec,mock,mock,missing,,0,,False,False,,,,,,,
crm_workflow_062,crm_workflow,L3,mock,oracle_spec,mock,mock,missing,,0,,False,False,,,,,,,
crm_workflow_063,crm_workflow,L3,mock,oracle_spec,mock,mock,missing,,0,,False,False,,,,,,,
crm_workflow_064,crm_workflow,L3,mock,oracle_spec,mock,mock,missing,,0,,False,False,,,,,,,
crm_workflow_065,crm_workflow,L3,mock,oracle_spec,mock,mock,missing,,0,,False,False,,,,,,,
crm_workflow_056,crm_workflow,L3,mock,oracle_spec,mock,mock,missing,,0,,False,False,,,,,,,
crm_workflow_067,crm_workflow,L3,mock,oracle_spec,mock,mock,missing,,0,,False,False,,,,,,,
crm_workflow_068,crm_workflow,L3,mock,oracle_spec,mock,mock,missing,,0,,False,False,,,,,,,
crm_workflow_069,crm_workflow,L3,mock,oracle_spec,mock,mock,missing,,0,,False,False,,,,,,,
crm_workflow_070,crm_workflow,L3,mock,oracle_spec,mock,mock,missing,,0,,False,False,,,,,,,
crm_workflow_071,crm_workflow,L3,mock,oracle_spec,mock,mock,missing,,0,,False,False,,,,,,,
crm_workflow_072,crm_workflow,L3,mock,oracle_spec,mock,mock,missing,,0,,False,False,,,,,,,
crm_workflow_073,crm_workflow,L3,mock,oracle_spec,mock,mock,missing,,0,,False,False,,,,,,,
crm_workflow_075,crm_workflow,L3,mock,oracle_spec,mock,mock,missing,,0,,False,False,,,,,,,
crm_workflow_076,crm_workflow,L3,mock,oracle_spec,mock,mock,missing,,0,,False,False,,,,,,,
crm_workflow_077,crm_workflow,L3,mock,oracle_spec,mock,mock,missing,,0,,False,False,,,,,,,
crm_workflow_078,crm_workflow,L3,mock,oracle_spec,mock,mock,missing,,0,,False,False,,,,,,,
crm_workflow_079,crm_workflow,L3,mock,oracle_spec,mock,mock,missing,,0,,False,False,,,,,,,
crm_workflow_080,crm_workflow,L3,mock,oracle_spec,mock,mock,missing,,0,,False,False,,,,,,,
crm_workflow_066,crm_workflow,L3,mock,oracle_spec,mock,mock,missing,,0,,False,False,,,,,,,
crm_workflow_082,crm_workflow,L3,mock,oracle_spec,mock,mock,missing,,0,,False,False,,,,,,,
crm_workflow_083,crm_workflow,L3,mock,oracle_spec,mock,mock,missing,,0,,False,False,,,,,,,
crm_workflow_084,crm_workflow,L3,mock,oracle_spec,mock,mock,missing,,0,,False,False,,,,,,,
crm_workflow_085,crm_workflow,L3,mock,oracle_spec,mock,mock,missing,,0,,False,False,,,,,,,
crm_workflow_086,crm_workflow,L3,mock,oracle_spec,mock,mock,missing,,0,,False,False,,,,,,,
crm_workflow_087,crm_workflow,L3,mock,oracle_spec,mock,mock,missing,,0,,False,False,,,,,,,
crm_workflow_088,crm_workflow,L3,mock,oracle_spec,mock,mock,missing,,0,,False,False,,,,,,,
crm_workflow_089,crm_workflow,L3,mock,oracle_spec,mock,mock,missing,,0,,False,False,,,,,,,
crm_workflow_090,crm_workflow,L3,mock,oracle_spec,mock,mock,missing,,0,,False,False,,,,,,,
crm_workflow_091,crm_workflow,L3,mock,oracle_spec,mock,mock,missing,,0,,False,False,,,,,,,
crm_workflow_081,crm_workflow,L3,mock,oracle_spec,mock,mock,missing,,0,,False,False,,,,,,,
crm_workflow_093,crm_workflow,L3,mock,oracle_spec,mock,mock,missing,,0,,False,False,,,,,,,
crm_workflow_094,crm_workflow,L3,mock,oracle_spec,mock,mock,missing,,0,,False,False,,,,,,,
crm_workflow_095,crm_workflow,L3,mock,oracle_spec,mock,mock,missing,,0,,False,False,,,,,,,
crm_workflow_096,crm_workflow,L3,mock,oracle_spec,mock,mock,missing,,0,,False,False,,,,,,,
crm_workflow_097,crm_workflow,L4,mock,oracle_spec,mock,mock,missing,,0,,False,False,,,,,,,
crm_workflow_098,crm_workflow,L4,mock,oracle_spec,mock,mock,missing,,0,,False,False,,,,,,,
crm_workflow_099,crm_workflow,L4,mock,oracle_spec,mock,mock,missing,,0,,False,False,,,,,,,
crm_workflow_100,crm_workflow,L4,mock,oracle_spec,mock,mock,missing,,0,,False,False,,,,,,,
crm_workflow_101,crm_workflow,L4,mock,oracle_spec,mock,mock,missing,,0,,False,False,,,,,,,
crm_workflow_103,crm_workflow,L4,mock,oracle_spec,mock,mock,missing,,0,,False,False,,,,,,,
crm_workflow_104,crm_workflow,L4,mock,oracle_spec,mock,mock,missing,,0,,False,False,,,,,,,
crm_workflow_105,crm_workflow,L4,mock,oracle_spec,mock,mock,missing,,0,,False,False,,,,,,,
crm_workflow_106,crm_workflow,L4,mock,oracle_spec,mock,mock,missing,,0,,False,False,,,,,,,
crm_workflow_107,crm_workflow,L4,mock,oracle_spec,mock,mock,missing,,0,,False,False,,,,,,,
crm_workflow_108,crm_workflow,L4,mock,oracle_spec,mock,mock,missing,,0,,False,False,,,,,,,
crm_workflow_021,crm_workflow,L2,mock,oracle_spec,mock,mock,missing,,0,,False,False,,,,,,,
crm_workflow_110,crm_workflow,L4,mock,oracle_spec,mock,mock,missing,,0,,False,False,,,,,,,
crm_workflow_111,crm_workflow,L4,mock,oracle_spec,mock,mock,missing,,0,,False,False,,,,,,,
crm_workflow_112,crm_workflow,L4,mock,oracle_spec,mock,mock,missing,,0,,False,False,,,,,,,
crm_workflow_113,crm_workflow,L4,mock,oracle_spec,mock,mock,missing,,0,,False,False,,,,,,,
crm_workflow_114,crm_workflow,L4,mock,oracle_spec,mock,mock,missing,,0,,False,False,,,,,,,
crm_workflow_115,crm_workflow,L4,mock,oracle_spec,mock,mock,missing,,0,,False,False,,,,,,,
crm_workflow_092,crm_workflow,L3,mock,oracle_spec,mock,mock,missing,,0,,False,False,,,,,,,
crm_workflow_117,crm_workflow,L4,mock,oracle_spec,mock,mock,missing,,0,,False,False,,,,,,,
crm_workflow_118,crm_workflow,L4,mock,oracle_spec,mock,mock,missing,,0,,False,False,,,,,,,
crm_workflow_119,crm_workflow,L4,mock,oracle_spec,mock,mock,missing,,0,,False,False,,,,,,,
crm_workflow_120,crm_workflow,L4,mock,oracle_spec,mock,mock,missing,,0,,False,False,,,,,,,
email_021,email,L2,mock,oracle_spec,mock,mock,missing,,0,,False,False,,,,,,,
email_022,email,L2,mock,oracle_spec,mock,mock,missing,,0,,False,False,,,,,,,
email_023,email,L2,mock,oracle_spec,mock,mock,missing,,0,,False,False,,,,,,,
email_024,email,L2,mock,oracle_spec,mock,mock,missing,,0,,False,False,,,,,,,
email_025,email,L2,mock,oracle_spec,mock,mock,missing,,0,,False,False,,,,,,,
crm_workflow_109,crm_workflow,L4,mock,oracle_spec,mock,mock,missing,,0,,False,False,,,,,,,
email_027,email,L2,mock,oracle_spec,mock,mock,missing,,0,,False,False,,,,,,,
email_028,email,L2,mock,oracle_spec,mock,mock,missing,,0,,False,False,,,,,,,
email_029,email,L2,mock,oracle_spec,mock,mock,missing,,0,,False,False,,,,,,,
email_030,email,L2,mock,oracle_spec,mock,mock,missing,,0,,False,False,,,,,,,
email_031,email,L2,mock,oracle_spec,mock,mock,missing,,0,,False,False,,,,,,,
email_032,email,L2,mock,oracle_spec,mock,mock,missing,,0,,False,False,,,,,,,
email_033,email,L2,mock,oracle_spec,mock,mock,missing,,0,,False,False,,,,,,,
email_034,email,L2,mock,oracle_spec,mock,mock,missing,,0,,False,False,,,,,,,
email_035,email,L2,mock,oracle_spec,mock,mock,missing,,0,,False,False,,,,,,,
email_036,email,L2,mock,oracle_spec,mock,mock,missing,,0,,False,False,,,,,,,
crm_workflow_074,crm_workflow,L3,mock,oracle_spec,mock,mock,missing,,0,,False,False,,,,,,,
email_038,email,L2,mock,oracle_spec,mock,mock,missing,,0,,False,False,,,,,,,
email_039,email,L2,mock,oracle_spec,mock,mock,missing,,0,,False,False,,,,,,,
email_040,email,L2,mock,oracle_spec,mock,mock,missing,,0,,False,False,,,,,,,
email_041,email,L2,mock,oracle_spec,mock,mock,missing,,0,,False,False,,,,,,,
email_042,email,L2,mock,oracle_spec,mock,mock,missing,,0,,False,False,,,,,,,
email_043,email,L2,mock,oracle_spec,mock,mock,missing,,0,,False,False,,,,,,,
email_044,email,L2,mock,oracle_spec,mock,mock,missing,,0,,False,False,,,,,,,
email_045,email,L2,mock,oracle_spec,mock,mock,missing,,0,,False,False,,,,,,,
email_046,email,L2,mock,oracle_spec,mock,mock,missing,,0,,False,False,,,,,,,
email_047,email,L2,mock,oracle_spec,mock,mock,missing,,0,,False,False,,,,,,,
email_048,email,L2,mock,oracle_spec,mock,mock,missing,,0,,False,False,,,,,,,
email_049,email,L2,mock,oracle_spec,mock,mock,missing,,0,,False,False,,,,,,,
email_050,email,L2,mock,oracle_spec,mock,mock,missing,,0,,False,False,,,,,,,
email_051,email,L2,mock,oracle_spec,mock,mock,missing,,0,,False,False,,,,,,,
email_053,email,L2,mock,oracle_spec,mock,mock,missing,,0,,False,False,,,,,,,
email_054,email,L2,mock,oracle_spec,mock,mock,missing,,0,,False,False,,,,,,,
email_055,email,L3,mock,oracle_spec,mock,mock,missing,,0,,False,False,,,,,,,
email_056,email,L3,mock,oracle_spec,mock,mock,missing,,0,,False,False,,,,,,,
email_057,email,L3,mock,oracle_spec,mock,mock,missing,,0,,False,False,,,,,,,
email_058,email,L3,mock,oracle_spec,mock,mock,missing,,0,,False,False,,,,,,,
email_059,email,L3,mock,oracle_spec,mock,mock,missing,,0,,False,False,,,,,,,
email_060,email,L3,mock,oracle_spec,mock,mock,missing,,0,,False,False,,,,,,,
email_061,email,L3,mock,oracle_spec,mock,mock,missing,,0,,False,False,,,,,,,
email_062,email,L3,mock,oracle_spec,mock,mock,missing,,0,,False,False,,,,,,,
email_063,email,L3,mock,oracle_spec,mock,mock,missing,,0,,False,False,,,,,,,
email_064,email,L3,mock,oracle_spec,mock,mock,missing,,0,,False,False,,,,,,,
email_065,email,L3,mock,oracle_spec,mock,mock,missing,,0,,False,False,,,,,,,
email_037,email,L2,mock,oracle_spec,mock,mock,missing,,0,,False,False,,,,,,,
email_067,email,L3,mock,oracle_spec,mock,mock,missing,,0,,False,False,,,,,,,
email_068,email,L3,mock,oracle_spec,mock,mock,missing,,0,,False,False,,,,,,,
email_069,email,L3,mock,oracle_spec,mock,mock,missing,,0,,False,False,,,,,,,
email_070,email,L3,mock,oracle_spec,mock,mock,missing,,0,,False,False,,,,,,,
email_071,email,L3,mock,oracle_spec,mock,mock,missing,,0,,False,False,,,,,,,
email_072,email,L3,mock,oracle_spec,mock,mock,missing,,0,,False,False,,,,,,,
email_073,email,L3,mock,oracle_spec,mock,mock,missing,,0,,False,False,,,,,,,
email_074,email,L3,mock,oracle_spec,mock,mock,missing,,0,,False,False,,,,,,,
email_075,email,L3,mock,oracle_spec,mock,mock,missing,,0,,False,False,,,,,,,
email_076,email,L3,mock,oracle_spec,mock,mock,missing,,0,,False,False,,,,,,,
email_077,email,L3,mock,oracle_spec,mock,mock,missing,,0,,False,False,,,,,,,
email_078,email,L3,mock,oracle_spec,mock,mock,missing,,0,,False,False,,,,,,,
email_079,email,L3,mock,oracle_spec,mock,mock,missing,,0,,False,False,,,,,,,
email_080,email,L3,mock,oracle_spec,mock,mock,missing,,0,,False,False,,,,,,,
email_082,email,L3,mock,oracle_spec,mock,mock,missing,,0,,False,False,,,,,,,
email_083,email,L3,mock,oracle_spec,mock,mock,missing,,0,,False,False,,,,,,,
email_084,email,L3,mock,oracle_spec,mock,mock,missing,,0,,False,False,,,,,,,
email_085,email,L3,mock,oracle_spec,mock,mock,missing,,0,,False,False,,,,,,,
email_086,email,L3,mock,oracle_spec,mock,mock,missing,,0,,False,False,,,,,,,
email_087,email,L3,mock,oracle_spec,mock,mock,missing,,0,,False,False,,,,,,,
email_088,email,L3,mock,oracle_spec,mock,mock,missing,,0,,False,False,,,,,,,
email_089,email,L3,mock,oracle_spec,mock,mock,missing,,0,,False,False,,,,,,,
email_090,email,L3,mock,oracle_spec,mock,mock,missing,,0,,False,False,,,,,,,
email_091,email,L3,mock,oracle_spec,mock,mock,missing,,0,,False,False,,,,,,,
email_092,email,L3,mock,oracle_spec,mock,mock,missing,,0,,False,False,,,,,,,
email_093,email,L3,mock,oracle_spec,mock,mock,missing,,0,,False,False,,,,,,,
email_094,email,L3,mock,oracle_spec,mock,mock,missing,,0,,False,False,,,,,,,
email_095,email,L3,mock,oracle_spec,mock,mock,missing,,0,,False,False,,,,,,,
email_096,email,L3,mock,oracle_spec,mock,mock,missing,,0,,False,False,,,,,,,
email_026,email,L2,mock,oracle_spec,mock,mock,missing,,0,,False,False,,,,,,,
email_098,email,L4,mock,oracle_spec,mock,mock,missing,,0,,False,False,,,,,,,
email_099,email,L4,mock,oracle_spec,mock,mock,missing,,0,,False,False,,,,,,,
email_100,email,L4,mock,oracle_spec,mock,mock,missing,,0,,False,False,,,,,,,
email_101,email,L4,mock,oracle_spec,mock,mock,missing,,0,,False,False,,,,,,,
email_102,email,L4,mock,oracle_spec,mock,mock,missing,,0,,False,False,,,,,,,
email_103,email,L4,mock,oracle_spec,mock,mock,missing,,0,,False,False,,,,,,,
email_104,email,L4,mock,oracle_spec,mock,mock,missing,,0,,False,False,,,,,,,
email_105,email,L4,mock,oracle_spec,mock,mock,missing,,0,,False,False,,,,,,,
email_106,email,L4,mock,oracle_spec,mock,mock,missing,,0,,False,False,,,,,,,
email_107,email,L4,mock,oracle_spec,mock,mock,missing,,0,,False,False,,,,,,,
email_108,email,L4,mock,oracle_spec,mock,mock,missing,,0,,False,False,,,,,,,
email_109,email,L4,mock,oracle_spec,mock,mock,missing,,0,,False,False,,,,,,,
email_110,email,L4,mock,oracle_spec,mock,mock,missing,,0,,False,False,,,,,,,
email_111,email,L4,mock,oracle_spec,mock,mock,missing,,0,,False,False,,,,,,,
email_052,email,L2,mock,oracle_spec,mock,mock,missing,,0,,False,False,,,,,,,
email_113,email,L4,mock,oracle_spec,mock,mock,missing,,0,,False,False,,,,,,,
email_114,email,L4,mock,oracle_spec,mock,mock,missing,,0,,False,False,,,,,,,
email_115,email,L4,mock,oracle_spec,mock,mock,missing,,0,,False,False,,,,,,,
email_116,email,L4,mock,oracle_spec,mock,mock,missing,,0,,False,False,,,,,,,
email_117,email,L4,mock,oracle_spec,mock,mock,missing,,0,,False,False,,,,,,,
email_118,email,L4,mock,oracle_spec,mock,mock,missing,,0,,False,False,,,,,,,
email_119,email,L4,mock,oracle_spec,mock,mock,missing,,0,,False,False,,,,,,,
email_120,email,L4,mock,oracle_spec,mock,mock,missing,,0,,False,False,,,,,,,
file_doc_021,file_doc,L2,mock,oracle_spec,mock,mock,missing,,0,,False,False,,,,,,,
file_doc_022,file_doc,L2,mock,oracle_spec,mock,mock,missing,,0,,False,False,,,,,,,
file_doc_023,file_doc,L2,mock,oracle_spec,mock,mock,missing,,0,,False,False,,,,,,,
file_doc_024,file_doc,L2,mock,oracle_spec,mock,mock,missing,,0,,False,False,,,,,,,
file_doc_025,file_doc,L2,mock,oracle_spec,mock,mock,missing,,0,,False,False,,,,,,,
file_doc_026,file_doc,L2,mock,oracle_spec,mock,mock,missing,,0,,False,False,,,,,,,
crm_workflow_116,crm_workflow,L4,mock,oracle_spec,mock,mock,missing,,0,,False,False,,,,,,,
file_doc_028,file_doc,L2,mock,oracle_spec,mock,mock,missing,,0,,False,False,,,,,,,
file_doc_029,file_doc,L2,mock,oracle_spec,mock,mock,missing,,0,,False,False,,,,,,,
file_doc_030,file_doc,L2,mock,oracle_spec,mock,mock,missing,,0,,False,False,,,,,,,
file_doc_031,file_doc,L2,mock,oracle_spec,mock,mock,missing,,0,,False,False,,,,,,,
file_doc_032,file_doc,L2,mock,oracle_spec,mock,mock,missing,,0,,False,False,,,,,,,
file_doc_033,file_doc,L2,mock,oracle_spec,mock,mock,missing,,0,,False,False,,,,,,,
file_doc_034,file_doc,L2,mock,oracle_spec,mock,mock,missing,,0,,False,False,,,,,,,
file_doc_035,file_doc,L2,mock,oracle_spec,mock,mock,missing,,0,,False,False,,,,,,,
file_doc_036,file_doc,L2,mock,oracle_spec,mock,mock,missing,,0,,False,False,,,,,,,
file_doc_037,file_doc,L2,mock,oracle_spec,mock,mock,missing,,0,,False,False,,,,,,,
file_doc_038,file_doc,L2,mock,oracle_spec,mock,mock,missing,,0,,False,False,,,,,,,
file_doc_039,file_doc,L2,mock,oracle_spec,mock,mock,missing,,0,,False,False,,,,,,,
file_doc_040,file_doc,L2,mock,oracle_spec,mock,mock,missing,,0,,False,False,,,,,,,
file_doc_041,file_doc,L2,mock,oracle_spec,mock,mock,missing,,0,,False,False,,,,,,,
file_doc_042,file_doc,L2,mock,oracle_spec,mock,mock,missing,,0,,False,False,,,,,,,
file_doc_043,file_doc,L2,mock,oracle_spec,mock,mock,missing,,0,,False,False,,,,,,,
email_097,email,L4,mock,oracle_spec,mock,mock,missing,,0,,False,False,,,,,,,
file_doc_045,file_doc,L2,mock,oracle_spec,mock,mock,missing,,0,,False,False,,,,,,,
file_doc_046,file_doc,L2,mock,oracle_spec,mock,mock,missing,,0,,False,False,,,,,,,
file_doc_047,file_doc,L2,mock,oracle_spec,mock,mock,missing,,0,,False,False,,,,,,,
file_doc_048,file_doc,L2,mock,oracle_spec,mock,mock,missing,,0,,False,False,,,,,,,
file_doc_049,file_doc,L2,mock,oracle_spec,mock,mock,missing,,0,,False,False,,,,,,,
file_doc_050,file_doc,L2,mock,oracle_spec,mock,mock,missing,,0,,False,False,,,,,,,
file_doc_051,file_doc,L2,mock,oracle_spec,mock,mock,missing,,0,,False,False,,,,,,,
file_doc_052,file_doc,L2,mock,oracle_spec,mock,mock,missing,,0,,False,False,,,,,,,
file_doc_053,file_doc,L2,mock,oracle_spec,mock,mock,missing,,0,,False,False,,,,,,,
file_doc_054,file_doc,L2,mock,oracle_spec,mock,mock,missing,,0,,False,False,,,,,,,
file_doc_055,file_doc,L3,mock,oracle_spec,mock,mock,missing,,0,,False,False,,,,,,,
file_doc_056,file_doc,L3,mock,oracle_spec,mock,mock,missing,,0,,False,False,,,,,,,
email_066,email,L3,mock,oracle_spec,mock,mock,missing,,0,,False,False,,,,,,,
file_doc_058,file_doc,L3,mock,oracle_spec,mock,mock,missing,,0,,False,False,,,,,,,
file_doc_059,file_doc,L3,mock,oracle_spec,mock,mock,missing,,0,,False,False,,,,,,,
file_doc_060,file_doc,L3,mock,oracle_spec,mock,mock,missing,,0,,False,False,,,,,,,
file_doc_061,file_doc,L3,mock,oracle_spec,mock,mock,missing,,0,,False,False,,,,,,,
file_doc_062,file_doc,L3,mock,oracle_spec,mock,mock,missing,,0,,False,False,,,,,,,
file_doc_063,file_doc,L3,mock,oracle_spec,mock,mock,missing,,0,,False,False,,,,,,,
file_doc_064,file_doc,L3,mock,oracle_spec,mock,mock,missing,,0,,False,False,,,,,,,
file_doc_065,file_doc,L3,mock,oracle_spec,mock,mock,missing,,0,,False,False,,,,,,,
file_doc_066,file_doc,L3,mock,oracle_spec,mock,mock,missing,,0,,False,False,,,,,,,
file_doc_067,file_doc,L3,mock,oracle_spec,mock,mock,missing,,0,,False,False,,,,,,,
file_doc_068,file_doc,L3,mock,oracle_spec,mock,mock,missing,,0,,False,False,,,,,,,
email_112,email,L4,mock,oracle_spec,mock,mock,missing,,0,,False,False,,,,,,,
file_doc_070,file_doc,L3,mock,oracle_spec,mock,mock,missing,,0,,False,False,,,,,,,
file_doc_071,file_doc,L3,mock,oracle_spec,mock,mock,missing,,0,,False,False,,,,,,,
file_doc_072,file_doc,L3,mock,oracle_spec,mock,mock,missing,,0,,False,False,,,,,,,
file_doc_073,file_doc,L3,mock,oracle_spec,mock,mock,missing,,0,,False,False,,,,,,,
file_doc_074,file_doc,L3,mock,oracle_spec,mock,mock,missing,,0,,False,False,,,,,,,
file_doc_075,file_doc,L3,mock,oracle_spec,mock,mock,missing,,0,,False,False,,,,,,,
file_doc_076,file_doc,L3,mock,oracle_spec,mock,mock,missing,,0,,False,False,,,,,,,
file_doc_077,file_doc,L3,mock,oracle_spec,mock,mock,missing,,0,,False,False,,,,,,,
file_doc_078,file_doc,L3,mock,oracle_spec,mock,mock,missing,,0,,False,False,,,,,,,
file_doc_079,file_doc,L3,mock,oracle_spec,mock,mock,missing,,0,,False,False,,,,,,,
file_doc_080,file_doc,L3,mock,oracle_spec,mock,mock,missing,,0,,False,False,,,,,,,
file_doc_081,file_doc,L3,mock,oracle_spec,mock,mock,missing,,0,,False,False,,,,,,,
email_081,email,L3,mock,oracle_spec,mock,mock,missing,,0,,False,False,,,,,,,
file_doc_083,file_doc,L3,mock,oracle_spec,mock,mock,missing,,0,,False,False,,,,,,,
file_doc_084,file_doc,L3,mock,oracle_spec,mock,mock,missing,,0,,False,False,,,,,,,
file_doc_085,file_doc,L3,mock,oracle_spec,mock,mock,missing,,0,,False,False,,,,,,,
file_doc_086,file_doc,L3,mock,oracle_spec,mock,mock,missing,,0,,False,False,,,,,,,
file_doc_087,file_doc,L3,mock,oracle_spec,mock,mock,missing,,0,,False,False,,,,,,,
file_doc_088,file_doc,L3,mock,oracle_spec,mock,mock,missing,,0,,False,False,,,,,,,
file_doc_089,file_doc,L3,mock,oracle_spec,mock,mock,missing,,0,,False,False,,,,,,,
file_doc_090,file_doc,L3,mock,oracle_spec,mock,mock,missing,,0,,False,False,,,,,,,
file_doc_091,file_doc,L3,mock,oracle_spec,mock,mock,missing,,0,,False,False,,,,,,,
file_doc_092,file_doc,L3,mock,oracle_spec,mock,mock,missing,,0,,False,False,,,,,,,
file_doc_093,file_doc,L3,mock,oracle_spec,mock,mock,missing,,0,,False,False,,,,,,,
file_doc_094,file_doc,L3,mock,oracle_spec,mock,mock,missing,,0,,False,False,,,,,,,
file_doc_095,file_doc,L3,mock,oracle_spec,mock,mock,missing,,0,,False,False,,,,,,,
file_doc_027,file_doc,L2,mock,oracle_spec,mock,mock,missing,,0,,False,False,,,,,,,
file_doc_097,file_doc,L4,mock,oracle_spec,mock,mock,missing,,0,,False,False,,,,,,,
file_doc_098,file_doc,L4,mock,oracle_spec,mock,mock,missing,,0,,False,False,,,,,,,
file_doc_099,file_doc,L4,mock,oracle_spec,mock,mock,missing,,0,,False,False,,,,,,,
file_doc_100,file_doc,L4,mock,oracle_spec,mock,mock,missing,,0,,False,False,,,,,,,
file_doc_101,file_doc,L4,mock,oracle_spec,mock,mock,missing,,0,,False,False,,,,,,,
file_doc_102,file_doc,L4,mock,oracle_spec,mock,mock,missing,,0,,False,False,,,,,,,
file_doc_103,file_doc,L4,mock,oracle_spec,mock,mock,missing,,0,,False,False,,,,,,,
file_doc_104,file_doc,L4,mock,oracle_spec,mock,mock,missing,,0,,False,False,,,,,,,
file_doc_105,file_doc,L4,mock,oracle_spec,mock,mock,missing,,0,,False,False,,,,,,,
file_doc_106,file_doc,L4,mock,oracle_spec,mock,mock,missing,,0,,False,False,,,,,,,
file_doc_107,file_doc,L4,mock,oracle_spec,mock,mock,missing,,0,,False,False,,,,,,,
file_doc_108,file_doc,L4,mock,oracle_spec,mock,mock,missing,,0,,False,False,,,,,,,
file_doc_109,file_doc,L4,mock,oracle_spec,mock,mock,missing,,0,,False,False,,,,,,,
file_doc_057,file_doc,L3,mock,oracle_spec,mock,mock,missing,,0,,False,False,,,,,,,
file_doc_111,file_doc,L4,mock,oracle_spec,mock,mock,missing,,0,,False,False,,,,,,,
file_doc_112,file_doc,L4,mock,oracle_spec,mock,mock,missing,,0,,False,False,,,,,,,
file_doc_113,file_doc,L4,mock,oracle_spec,mock,mock,missing,,0,,False,False,,,,,,,
file_doc_114,file_doc,L4,mock,oracle_spec,mock,mock,missing,,0,,False,False,,,,,,,
file_doc_115,file_doc,L4,mock,oracle_spec,mock,mock,missing,,0,,False,False,,,,,,,
file_doc_116,file_doc,L4,mock,oracle_spec,mock,mock,missing,,0,,False,False,,,,,,,
file_doc_117,file_doc,L4,mock,oracle_spec,mock,mock,missing,,0,,False,False,,,,,,,
file_doc_118,file_doc,L4,mock,oracle_spec,mock,mock,missing,,0,,False,False,,,,,,,
file_doc_119,file_doc,L4,mock,oracle_spec,mock,mock,missing,,0,,False,False,,,,,,,
file_doc_120,file_doc,L4,mock,oracle_spec,mock,mock,missing,,0,,False,False,,,,,,,
sheet_db_021,sheet_db,L2,mock,oracle_spec,mock,mock,missing,,0,,False,False,,,,,,,
sheet_db_022,sheet_db,L2,mock,oracle_spec,mock,mock,missing,,0,,False,False,,,,,,,
sheet_db_023,sheet_db,L2,mock,oracle_spec,mock,mock,missing,,0,,False,False,,,,,,,
file_doc_044,file_doc,L2,mock,oracle_spec,mock,mock,missing,,0,,False,False,,,,,,,
sheet_db_025,sheet_db,L2,mock,oracle_spec,mock,mock,missing,,0,,False,False,,,,,,,
sheet_db_026,sheet_db,L2,mock,oracle_spec,mock,mock,missing,,0,,False,False,,,,,,,
sheet_db_027,sheet_db,L2,mock,oracle_spec,mock,mock,missing,,0,,False,False,,,,,,,
sheet_db_028,sheet_db,L2,mock,oracle_spec,mock,mock,missing,,0,,False,False,,,,,,,
sheet_db_029,sheet_db,L2,mock,oracle_spec,mock,mock,missing,,0,,False,False,,,,,,,
sheet_db_030,sheet_db,L2,mock,oracle_spec,mock,mock,missing,,0,,False,False,,,,,,,
sheet_db_031,sheet_db,L2,mock,oracle_spec,mock,mock,missing,,0,,False,False,,,,,,,
sheet_db_032,sheet_db,L2,mock,oracle_spec,mock,mock,missing,,0,,False,False,,,,,,,
sheet_db_033,sheet_db,L2,mock,oracle_spec,mock,mock,missing,,0,,False,False,,,,,,,
sheet_db_034,sheet_db,L2,mock,oracle_spec,mock,mock,missing,,0,,False,False,,,,,,,
sheet_db_035,sheet_db,L2,mock,oracle_spec,mock,mock,missing,,0,,False,False,,,,,,,
sheet_db_036,sheet_db,L2,mock,oracle_spec,mock,mock,missing,,0,,False,False,,,,,,,
sheet_db_037,sheet_db,L2,mock,oracle_spec,mock,mock,missing,,0,,False,False,,,,,,,
sheet_db_038,sheet_db,L2,mock,oracle_spec,mock,mock,missing,,0,,False,False,,,,,,,
sheet_db_039,sheet_db,L2,mock,oracle_spec,mock,mock,missing,,0,,False,False,,,,,,,
sheet_db_040,sheet_db,L2,mock,oracle_spec,mock,mock,missing,,0,,False,False,,,,,,,
sheet_db_042,sheet_db,L2,mock,oracle_spec,mock,mock,missing,,0,,False,False,,,,,,,
sheet_db_043,sheet_db,L2,mock,oracle_spec,mock,mock,missing,,0,,False,False,,,,,,,
sheet_db_044,sheet_db,L2,mock,oracle_spec,mock,mock,missing,,0,,False,False,,,,,,,
sheet_db_045,sheet_db,L2,mock,oracle_spec,mock,mock,missing,,0,,False,False,,,,,,,
sheet_db_046,sheet_db,L2,mock,oracle_spec,mock,mock,missing,,0,,False,False,,,,,,,
sheet_db_047,sheet_db,L2,mock,oracle_spec,mock,mock,missing,,0,,False,False,,,,,,,
sheet_db_048,sheet_db,L2,mock,oracle_spec,mock,mock,missing,,0,,False,False,,,,,,,
sheet_db_049,sheet_db,L2,mock,oracle_spec,mock,mock,missing,,0,,False,False,,,,,,,
sheet_db_050,sheet_db,L2,mock,oracle_spec,mock,mock,missing,,0,,False,False,,,,,,,
sheet_db_051,sheet_db,L2,mock,oracle_spec,mock,mock,missing,,0,,False,False,,,,,,,
sheet_db_052,sheet_db,L2,mock,oracle_spec,mock,mock,missing,,0,,False,False,,,,,,,
file_doc_069,file_doc,L3,mock,oracle_spec,mock,mock,missing,,0,,False,False,,,,,,,
sheet_db_054,sheet_db,L2,mock,oracle_spec,mock,mock,missing,,0,,False,False,,,,,,,
sheet_db_055,sheet_db,L3,mock,oracle_spec,mock,mock,missing,,0,,False,False,,,,,,,
sheet_db_056,sheet_db,L3,mock,oracle_spec,mock,mock,missing,,0,,False,False,,,,,,,
sheet_db_057,sheet_db,L3,mock,oracle_spec,mock,mock,missing,,0,,False,False,,,,,,,
sheet_db_058,sheet_db,L3,mock,oracle_spec,mock,mock,missing,,0,,False,False,,,,,,,
sheet_db_059,sheet_db,L3,mock,oracle_spec,mock,mock,missing,,0,,False,False,,,,,,,
sheet_db_060,sheet_db,L3,mock,oracle_spec,mock,mock,missing,,0,,False,False,,,,,,,
sheet_db_061,sheet_db,L3,mock,oracle_spec,mock,mock,missing,,0,,False,False,,,,,,,
sheet_db_062,sheet_db,L3,mock,oracle_spec,mock,mock,missing,,0,,False,False,,,,,,,
sheet_db_063,sheet_db,L3,mock,oracle_spec,mock,mock,missing,,0,,False,False,,,,,,,
crm_workflow_102,crm_workflow,L4,mock,oracle_spec,mock,mock,missing,,0,,False,False,,,,,,,
sheet_db_065,sheet_db,L3,mock,oracle_spec,mock,mock,missing,,0,,False,False,,,,,,,
sheet_db_066,sheet_db,L3,mock,oracle_spec,mock,mock,missing,,0,,False,False,,,,,,,
sheet_db_067,sheet_db,L3,mock,oracle_spec,mock,mock,missing,,0,,False,False,,,,,,,
sheet_db_068,sheet_db,L3,mock,oracle_spec,mock,mock,missing,,0,,False,False,,,,,,,
sheet_db_069,sheet_db,L3,mock,oracle_spec,mock,mock,missing,,0,,False,False,,,,,,,
sheet_db_070,sheet_db,L3,mock,oracle_spec,mock,mock,missing,,0,,False,False,,,,,,,
sheet_db_071,sheet_db,L3,mock,oracle_spec,mock,mock,missing,,0,,False,False,,,,,,,
sheet_db_072,sheet_db,L3,mock,oracle_spec,mock,mock,missing,,0,,False,False,,,,,,,
sheet_db_073,sheet_db,L3,mock,oracle_spec,mock,mock,missing,,0,,False,False,,,,,,,
sheet_db_074,sheet_db,L3,mock,oracle_spec,mock,mock,missing,,0,,False,False,,,,,,,
sheet_db_075,sheet_db,L3,mock,oracle_spec,mock,mock,missing,,0,,False,False,,,,,,,
sheet_db_076,sheet_db,L3,mock,oracle_spec,mock,mock,missing,,0,,False,False,,,,,,,
sheet_db_077,sheet_db,L3,mock,oracle_spec,mock,mock,missing,,0,,False,False,,,,,,,
sheet_db_024,sheet_db,L2,mock,oracle_spec,mock,mock,missing,,0,,False,False,,,,,,,
sheet_db_079,sheet_db,L3,mock,oracle_spec,mock,mock,missing,,0,,False,False,,,,,,,
sheet_db_080,sheet_db,L3,mock,oracle_spec,mock,mock,missing,,0,,False,False,,,,,,,
sheet_db_081,sheet_db,L3,mock,oracle_spec,mock,mock,missing,,0,,False,False,,,,,,,
sheet_db_082,sheet_db,L3,mock,oracle_spec,mock,mock,missing,,0,,False,False,,,,,,,
sheet_db_083,sheet_db,L3,mock,oracle_spec,mock,mock,missing,,0,,False,False,,,,,,,
sheet_db_084,sheet_db,L3,mock,oracle_spec,mock,mock,missing,,0,,False,False,,,,,,,
sheet_db_085,sheet_db,L3,mock,oracle_spec,mock,mock,missing,,0,,False,False,,,,,,,
sheet_db_086,sheet_db,L3,mock,oracle_spec,mock,mock,missing,,0,,False,False,,,,,,,
sheet_db_087,sheet_db,L3,mock,oracle_spec,mock,mock,missing,,0,,False,False,,,,,,,
sheet_db_088,sheet_db,L3,mock,oracle_spec,mock,mock,missing,,0,,False,False,,,,,,,
sheet_db_089,sheet_db,L3,mock,oracle_spec,mock,mock,missing,,0,,False,False,,,,,,,
sheet_db_090,sheet_db,L3,mock,oracle_spec,mock,mock,missing,,0,,False,False,,,,,,,
sheet_db_091,sheet_db,L3,mock,oracle_spec,mock,mock,missing,,0,,False,False,,,,,,,
sheet_db_092,sheet_db,L3,mock,oracle_spec,mock,mock,missing,,0,,False,False,,,,,,,
file_doc_096,file_doc,L3,mock,oracle_spec,mock,mock,missing,,0,,False,False,,,,,,,
sheet_db_094,sheet_db,L3,mock,oracle_spec,mock,mock,missing,,0,,False,False,,,,,,,
sheet_db_095,sheet_db,L3,mock,oracle_spec,mock,mock,missing,,0,,False,False,,,,,,,
sheet_db_096,sheet_db,L3,mock,oracle_spec,mock,mock,missing,,0,,False,False,,,,,,,
sheet_db_097,sheet_db,L4,mock,oracle_spec,mock,mock,missing,,0,,False,False,,,,,,,
sheet_db_098,sheet_db,L4,mock,oracle_spec,mock,mock,missing,,0,,False,False,,,,,,,
sheet_db_099,sheet_db,L4,mock,oracle_spec,mock,mock,missing,,0,,False,False,,,,,,,
sheet_db_064,sheet_db,L3,mock,oracle_spec,mock,mock,missing,,0,,False,False,,,,,,,
sheet_db_101,sheet_db,L4,mock,oracle_spec,mock,mock,missing,,0,,False,False,,,,,,,
sheet_db_102,sheet_db,L4,mock,oracle_spec,mock,mock,missing,,0,,False,False,,,,,,,
sheet_db_103,sheet_db,L4,mock,oracle_spec,mock,mock,missing,,0,,False,False,,,,,,,
sheet_db_104,sheet_db,L4,mock,oracle_spec,mock,mock,missing,,0,,False,False,,,,,,,
sheet_db_105,sheet_db,L4,mock,oracle_spec,mock,mock,missing,,0,,False,False,,,,,,,
sheet_db_106,sheet_db,L4,mock,oracle_spec,mock,mock,missing,,0,,False,False,,,,,,,
sheet_db_107,sheet_db,L4,mock,oracle_spec,mock,mock,missing,,0,,False,False,,,,,,,
sheet_db_108,sheet_db,L4,mock,oracle_spec,mock,mock,missing,,0,,False,False,,,,,,,
sheet_db_109,sheet_db,L4,mock,oracle_spec,mock,mock,missing,,0,,False,False,,,,,,,
sheet_db_110,sheet_db,L4,mock,oracle_spec,mock,mock,missing,,0,,False,False,,,,,,,
sheet_db_093,sheet_db,L3,mock,oracle_spec,mock,mock,missing,,0,,False,False,,,,,,,
sheet_db_112,sheet_db,L4,mock,oracle_spec,mock,mock,missing,,0,,False,False,,,,,,,
sheet_db_113,sheet_db,L4,mock,oracle_spec,mock,mock,missing,,0,,False,False,,,,,,,
sheet_db_114,sheet_db,L4,mock,oracle_spec,mock,mock,missing,,0,,False,False,,,,,,,
sheet_db_115,sheet_db,L4,mock,oracle_spec,mock,mock,missing,,0,,False,False,,,,,,,
sheet_db_116,sheet_db,L4,mock,oracle_spec,mock,mock,missing,,0,,False,False,,,,,,,
sheet_db_117,sheet_db,L4,mock,oracle_spec,mock,mock,missing,,0,,False,False,,,,,,,
sheet_db_118,sheet_db,L4,mock,oracle_spec,mock,mock,missing,,0,,False,False,,,,,,,
sheet_db_119,sheet_db,L4,mock,oracle_spec,mock,mock,missing,,0,,False,False,,,,,,,
sheet_db_120,sheet_db,L4,mock,oracle_spec,mock,mock,missing,,0,,False,False,,,,,,,
crm_workflow_045,crm_workflow,L2,mock,oracle_spec,mock,mock,missing,,0,,False,False,,,,,,,
sheet_db_111,sheet_db,L4,mock,oracle_spec,mock,mock,missing,,0,,False,False,,,,,,,
file_doc_110,file_doc,L4,mock,oracle_spec,mock,mock,missing,,0,,False,False,,,,,,,
sheet_db_078,sheet_db,L3,mock,oracle_spec,mock,mock,missing,,0,,False,False,,,,,,,
sheet_db_053,sheet_db,L2,mock,oracle_spec,mock,mock,missing,,0,,False,False,,,,,,,
sheet_db_100,sheet_db,L4,mock,oracle_spec,mock,mock,missing,,0,,False,False,,,,,,,
sheet_db_041,sheet_db,L2,mock,oracle_spec,mock,mock,missing,,0,,False,False,,,,,,,
file_doc_082,file_doc,L3,mock,oracle_spec,mock,mock,missing,,0,,False,False,,,,,,,
